step,time,q1,q1d,q2,q2d,wrap_dist
0,0.000,0.000000,0.000000,0.000000,0.000000,3.141593
1,0.050,0.002977,0.118335,-0.001648,-0.064586,3.141510
2,0.100,0.011191,0.208323,-0.004932,-0.063851,3.137980
3,0.150,0.023818,0.294198,-0.008167,-0.061952,3.132248
4,0.200,0.040607,0.374104,-0.011325,-0.060095,3.124069
5,0.250,0.061209,0.446135,-0.014411,-0.058457,3.113105
6,0.300,0.085166,0.507761,-0.017422,-0.056650,3.098883
7,0.350,0.111905,0.556992,-0.020351,-0.054761,3.081016
8,0.400,0.140762,0.592142,-0.023190,-0.052791,3.059239
9,0.450,0.170997,0.612001,-0.025933,-0.050794,3.033518
10,0.500,0.201827,0.615837,-0.028576,-0.048824,3.004111
11,0.550,0.232438,0.603394,-0.031118,-0.046918,2.971605
12,0.600,0.262019,0.574870,-0.033560,-0.045105,2.936934
13,0.650,0.289779,0.530890,-0.035903,-0.043394,2.901354
14,0.700,0.314968,0.472458,-0.038150,-0.041778,2.866396
15,0.750,0.336892,0.400905,-0.040304,-0.040237,2.833781
16,0.800,0.354935,0.317837,-0.042365,-0.038739,2.805312
17,0.850,0.368566,0.225083,-0.044333,-0.037238,2.782749
18,0.900,0.377348,0.124646,-0.046208,-0.035689,2.767669
19,0.950,0.380951,0.018668,-0.047983,-0.034043,2.761332
20,1.000,0.379152,-0.090606,-0.049653,-0.032258,2.764560
21,1.050,0.369821,-0.281325,-0.049873,0.022361,2.786548
22,1.100,0.351417,-0.451972,-0.048575,0.026565,2.827087
23,1.150,0.324599,-0.616614,-0.047087,0.028682,2.884217
24,1.200,0.289768,-0.771185,-0.045481,0.030056,2.954759
25,1.250,0.247456,-0.914648,-0.043727,0.033313,3.035726
26,1.300,0.198344,-1.041952,-0.041783,0.036387,3.122731
27,1.350,0.143357,-1.148547,-0.039667,0.038951,3.211178
28,1.400,0.083646,-1.230054,-0.037413,0.040888,3.296535
29,1.450,0.020570,-1.282429,-0.035062,0.041987,3.374670
30,1.500,-0.044321,-1.302267,-0.032674,0.041818,3.360328
31,1.550,-0.109338,-1.287398,-0.030322,0.040459,3.294620
32,1.600,-0.172713,-1.236932,-0.028061,0.038412,3.216599
33,1.650,-0.232658,-1.150810,-0.025933,0.035763,3.128613
34,1.700,-0.287400,-1.029828,-0.023976,0.032576,3.034567
35,1.750,-0.335230,-0.875543,-0.022224,0.028914,2.939996
36,1.800,-0.374536,-0.690326,-0.020703,0.024887,2.852052
37,1.850,-0.403853,-0.477665,-0.019432,0.020725,2.779242
38,1.900,-0.421933,-0.242626,-0.018411,0.016832,2.730575
39,1.950,-0.427826,0.007890,-0.017615,0.013756,2.713870
40,2.000,-0.420969,0.265445,-0.016991,0.012018,2.733622
41,2.050,-0.399191,0.602193,-0.017810,-0.040852,2.808094
42,2.100,-0.361178,0.912037,-0.020111,-0.043908,2.926577
43,2.150,-0.308036,1.204776,-0.022597,-0.045454,3.079465
44,2.200,-0.240943,1.467658,-0.025149,-0.043972,3.251208
45,2.250,-0.161612,1.692094,-0.027656,-0.041391,3.427235
46,2.300,-0.072067,1.874430,-0.030209,-0.044000,3.596988
47,2.350,0.025268,2.002350,-0.032779,-0.040869,3.704542
48,2.400,0.127595,2.073574,-0.035143,-0.035527,3.658741
49,2.450,0.232071,2.088389,-0.037248,-0.031038,3.581764
50,2.500,0.335892,2.048162,-0.039125,-0.027656,3.474079
51,2.550,0.436284,1.952594,-0.040801,-0.024814,3.336705
52,2.600,0.530560,1.805299,-0.042305,-0.022877,3.174729
53,2.650,0.616284,1.612488,-0.043683,-0.022039,2.996614
54,2.700,0.691351,1.381131,-0.044987,-0.022169,2.813134
55,2.750,0.754018,1.118533,-0.046268,-0.023076,2.637101
56,2.800,0.802908,0.831933,-0.047565,-0.024512,2.482826
57,2.850,0.836998,0.528263,-0.048903,-0.026167,2.365014
58,2.900,0.855603,0.214063,-0.050290,-0.027654,2.296707
59,2.950,0.858354,-0.104439,-0.051710,-0.028516,2.286389
60,3.000,0.844952,-0.430569,-0.053077,-0.026493,2.337406
61,3.050,0.812907,-0.848334,-0.052895,0.031895,2.479166
62,3.100,0.760314,-1.250075,-0.050983,0.040453,2.690244
63,3.150,0.687638,-1.649030,-0.048534,0.051031,2.957390
64,3.200,0.595332,-2.032066,-0.045464,0.062089,3.258628
65,3.250,0.484669,-2.379723,-0.041820,0.070027,3.567769
66,3.300,0.357910,-2.672180,-0.037808,0.072416,3.859548
67,3.350,0.218192,-2.894658,-0.033691,0.070079,4.114774
68,3.400,0.069275,-3.037512,-0.029682,0.064851,4.320961
69,3.450,-0.084703,-3.095760,-0.025919,0.058264,4.351134
70,3.500,-0.239473,-3.069146,-0.022480,0.051575,4.224348
71,3.550,-0.390862,-2.961865,-0.019384,0.045741,4.042478
72,3.600,-0.535002,-2.781621,-0.016613,0.041089,3.812308
73,3.650,-0.668477,-2.538476,-0.014129,0.037608,3.544259
74,3.700,-0.788408,-2.243320,-0.011890,0.035031,3.251358
75,3.750,-0.892445,-1.906175,-0.009863,0.032848,2.948448
76,3.800,-0.978680,-1.534342,-0.008041,0.030249,2.652052
77,3.850,-1.045455,-1.130564,-0.006464,0.026080,2.381741
78,3.900,-1.091137,-0.692910,-0.005225,0.019299,2.164461
79,3.950,-1.114006,-0.220072,-0.004436,0.010311,2.039525
80,4.000,-1.112493,0.280504,-0.004130,0.001982,2.048401
81,4.050,-1.085591,0.793530,-0.004187,-0.002128,2.203827
82,4.100,-1.030835,1.392019,-0.005731,-0.054398,2.529033
83,4.150,-0.946851,1.959133,-0.008687,-0.054452,2.942470
84,4.200,-0.835291,2.490847,-0.011547,-0.045771,3.394934
85,4.250,-0.698205,2.975210,-0.014112,-0.037321,3.850144
86,4.300,-0.538429,3.393204,-0.016370,-0.028018,4.276838
87,4.350,-0.359627,3.731248,-0.018414,-0.023811,4.654294
88,4.400,-0.166358,3.968007,-0.020256,-0.016401,4.959615
89,4.450,0.036057,4.095020,-0.021760,-0.009029,5.139465
90,4.500,0.242009,4.109783,-0.022852,-0.001325,5.029754
91,4.550,0.446022,4.020068,-0.023560,0.002764,4.840208
92,4.600,0.643158,3.838930,-0.024021,0.003503,4.580409
93,4.650,0.828830,3.566913,-0.024285,0.004666,4.251159
94,4.700,0.998987,3.224019,-0.024387,0.004030,3.871132
95,4.750,1.150579,2.829409,-0.024423,0.002162,3.459811
96,4.800,1.281469,2.400213,-0.024472,-0.000483,3.036722
97,4.850,1.390303,1.950195,-0.024598,-0.003664,2.621239
98,4.900,1.476313,1.489286,-0.024854,-0.007283,2.234234
99,4.950,1.539138,1.023797,-0.025286,-0.011294,1.901785
100,5.000,1.578650,0.557040,-0.025929,-0.015585,1.659518
101,5.050,1.594823,0.090154,-0.026800,-0.019831,1.549753
102,5.100,1.587653,-0.377080,-0.027882,-0.023163,1.599447
103,5.150,1.557102,-0.845409,-0.029086,-0.023829,1.796313
104,5.200,1.502404,-1.342992,-0.030094,-0.014646,2.119360
105,5.250,1.419568,-1.970231,-0.029062,0.057844,2.617512
106,5.300,1.305412,-2.593487,-0.025740,0.074766,3.178677
107,5.350,1.160310,-3.203885,-0.021661,0.083473,3.767996
108,5.400,0.985534,-3.774114,-0.017215,0.082301,4.347366
109,5.450,0.783701,-4.278286,-0.012794,0.073459,4.885585
110,5.500,0.558754,-4.690284,-0.008698,0.059945,5.354763
111,5.550,0.315930,-4.985875,-0.005115,0.044891,5.731087
112,5.600,0.061570,-5.146861,-0.002132,0.031034,5.998140
113,5.650,-0.197304,-5.165302,0.000253,0.020173,5.945552
114,5.700,-0.453589,-5.046147,0.002109,0.013239,5.717442
115,5.750,-0.700755,-4.806628,0.003549,0.010255,5.390870
116,5.800,-0.933381,-4.472597,0.004705,0.010261,4.988031
117,5.850,-1.147473,-4.073657,0.005687,0.012012,4.535567
118,5.900,-1.340509,-3.638042,0.006575,0.014316,4.059495
119,5.950,-1.510948,-3.175874,0.007333,0.013081,3.570070
120,6.000,-1.658007,-2.707270,0.007911,0.011610,3.087157
121,6.050,-1.781724,-2.244851,0.008347,0.009979,2.624647
122,6.100,-1.882623,-1.795751,0.008676,0.008506,2.193143
123,6.150,-1.961466,-1.362747,0.008953,0.007863,1.802753
124,6.200,-2.019091,-0.946335,0.009320,0.011343,1.468256
125,6.250,-2.056244,-0.542718,0.009953,0.017251,1.213640
126,6.300,-2.073397,-0.144895,0.010828,0.019486,1.078208
127,6.350,-2.070681,0.253682,0.011691,0.015013,1.100712
128,6.400,-2.047942,0.657703,0.012262,0.005917,1.276256
129,6.450,-2.004805,1.071095,0.012385,-0.004695,1.561956
130,6.500,-1.940513,1.505061,0.012021,-0.014945,1.925661
131,6.550,-1.853601,1.976465,0.011214,-0.023191,2.359238
132,6.600,-1.739630,2.587038,0.008824,-0.077942,2.943539
133,6.650,-1.595030,3.199364,0.005342,-0.064067,3.554141
134,6.700,-1.419530,3.818615,0.002537,-0.045875,4.189204
135,6.750,-1.213149,4.427678,0.000362,-0.031433,4.829515
136,6.800,-0.977374,4.985198,-0.001226,-0.013027,5.434723
137,6.850,-0.715654,5.455030,-0.002135,0.005808,5.970140
138,6.900,-0.433258,5.802449,-0.002397,0.021840,6.403434
139,6.950,-0.137097,5.998599,-0.002125,0.033206,6.709046
140,7.000,0.164753,6.027687,-0.001417,0.040801,6.722815
141,7.050,0.463891,5.893186,-0.000319,0.045297,6.473159
142,7.100,0.752630,5.619323,0.001028,0.043355,6.106211
143,7.150,1.024810,5.240972,0.002401,0.036932,5.652427
144,7.200,1.276181,4.797590,0.003642,0.028320,5.147567
145,7.250,1.504440,4.326113,0.004666,0.019385,4.625572
146,7.300,1.708980,3.856407,0.005443,0.011284,4.113929
147,7.350,1.890406,3.406969,0.005992,0.005020,3.629458
148,7.400,2.050033,2.987855,0.006364,0.000778,3.181010
149,7.450,2.189658,2.608705,0.006592,-0.002651,2.776972
150,7.500,2.311410,2.273639,0.006687,-0.005366,2.420478
151,7.550,2.417530,1.983382,0.006663,-0.007482,2.111438
152,7.600,2.510237,1.736610,0.006535,-0.009158,1.847850
153,7.650,2.591571,1.527785,0.006330,-0.009984,1.623820
154,7.700,2.663184,1.346934,0.006101,-0.009316,1.429416
155,7.750,2.726381,1.190273,0.005892,-0.008419,1.260657
156,7.800,2.782276,1.054050,0.005708,-0.007487,1.113651
157,7.850,2.831811,0.935051,0.005549,-0.006638,0.985068
158,7.900,2.875778,0.830578,0.005410,-0.005920,0.872114
159,7.950,2.914847,0.738426,0.005286,-0.005347,0.772492
160,8.000,2.949588,0.656811,0.005171,-0.004903,0.684338
161,8.050,2.980490,0.584299,0.005061,-0.004564,0.606140
162,8.100,3.007978,0.519725,0.004953,-0.004306,0.536666
163,8.150,3.032424,0.462133,0.004845,-0.004105,0.474894
164,8.200,3.054156,0.410721,0.004735,-0.003944,0.419970
165,8.250,3.073465,0.364810,0.004622,-0.003809,0.371166
166,8.300,3.090609,0.323812,0.004507,-0.003691,0.327853
167,8.350,3.105822,0.287211,0.004390,-0.003585,0.289486
168,8.400,3.119310,0.254552,0.004271,-0.003486,0.255585
169,8.450,3.131259,0.225422,0.004150,-0.003391,0.225722
170,8.500,3.141837,0.199457,0.004028,-0.003299,0.199525
171,8.550,3.151193,0.176327,0.003906,-0.003208,0.176660
172,8.600,3.159459,0.155731,0.003784,-0.003124,0.156829
173,8.650,3.166757,0.137399,0.003662,-0.003040,0.139766
174,8.700,3.173192,0.121089,0.003540,-0.002958,0.125229
175,8.750,3.178860,0.106580,0.003419,-0.002879,0.112996
176,8.800,3.183845,0.093674,0.003299,-0.002803,0.102854
177,8.850,3.188223,0.082194,0.003181,-0.002730,0.094593
178,8.900,3.192061,0.071978,0.003063,-0.002659,0.088003
179,8.950,3.195419,0.062884,0.002948,-0.002592,0.082868
180,9.000,3.198348,0.054782,0.002833,-0.002528,0.078973
181,9.050,3.200895,0.047558,0.002720,-0.002467,0.076106
182,9.100,3.203102,0.041108,0.002609,-0.002409,0.074067
183,9.150,3.205005,0.035339,0.002499,-0.002355,0.072676
184,9.200,3.206636,0.030171,0.002391,-0.002304,0.071777
185,9.250,3.208022,0.025529,0.002284,-0.002256,0.071238
186,9.300,3.209189,0.021347,0.002178,-0.002211,0.070955
187,9.350,3.210157,0.017568,0.002074,-0.002170,0.070843
188,9.400,3.210946,0.014138,0.001971,-0.002132,0.070840
189,9.450,3.211572,0.011011,0.001869,-0.002097,0.070896
190,9.500,3.212049,0.008146,0.001769,-0.002066,0.070977
191,9.550,3.212388,0.005504,0.001669,-0.002038,0.071058
192,9.600,3.212601,0.003052,0.001569,-0.002014,0.071119
193,9.650,3.212695,0.000760,0.001471,-0.001993,0.071150
194,9.700,3.212679,-0.001401,0.001373,-0.001975,0.071141
195,9.750,3.212557,-0.003454,0.001275,-0.001961,0.071087
196,9.800,3.212336,-0.005422,0.001178,-0.001951,0.070987
197,9.850,3.212018,-0.007326,0.001080,-0.001945,0.070841
198,9.900,3.211607,-0.009184,0.000982,-0.001942,0.070648
199,9.950,3.211104,-0.011015,0.000884,-0.001944,0.070411
200,10.000,3.210509,-0.012835,0.000786,-0.001949,0.070133
201,10.050,3.209824,-0.014658,0.000687,-0.001959,0.069819
202,10.100,3.209048,-0.016500,0.000586,-0.001974,0.069475
203,10.150,3.208179,-0.018374,0.000485,-0.001993,0.069106
204,10.200,3.207216,-0.020293,0.000382,-0.002017,0.068720
205,10.250,3.206156,-0.022271,0.000277,-0.002046,0.068328
206,10.300,3.204996,-0.024319,0.000170,-0.002081,0.067939
207,10.350,3.203731,-0.026450,0.000062,-0.002121,0.067567
208,10.400,3.202358,-0.028677,-0.000050,-0.002167,0.067227
209,10.450,3.200872,-0.031011,-0.000164,-0.002219,0.066938
210,10.500,3.199266,-0.033466,-0.000282,-0.002278,0.066719
211,10.550,3.197534,-0.036054,-0.000403,-0.002343,0.066596
212,10.600,3.195671,-0.038788,-0.000528,-0.002416,0.066596
213,10.650,3.193667,-0.041683,-0.000658,-0.002497,0.066752
214,10.700,3.191514,-0.044750,-0.000792,-0.002585,0.067097
215,10.750,3.189204,-0.048007,-0.000932,-0.002682,0.067672
216,10.800,3.186727,-0.051467,-0.001077,-0.002789,0.068519
217,10.850,3.184072,-0.055147,-0.001228,-0.002904,0.069682
218,10.900,3.181228,-0.059063,-0.001387,-0.003030,0.071207
219,10.950,3.178182,-0.063234,-0.001552,-0.003167,0.073142
220,11.000,3.174922,-0.067678,-0.001725,-0.003315,0.075532
221,11.050,3.171433,-0.072415,-0.001907,-0.003475,0.078423
222,11.100,3.167701,-0.077468,-0.002099,-0.003649,0.081858
223,11.150,3.163708,-0.082859,-0.002300,-0.003835,0.085877
224,11.200,3.159438,-0.088613,-0.002512,-0.004037,0.090517
225,11.250,3.154872,-0.094757,-0.002735,-0.004253,0.095816
226,11.300,3.149989,-0.101318,-0.002971,-0.004486,0.101808
227,11.350,3.144768,-0.108329,-0.003220,-0.004736,0.108526
228,11.400,3.139186,-0.115821,-0.003484,-0.005004,0.116007
229,11.450,3.133218,-0.123833,-0.003762,-0.005291,0.124286
230,11.500,3.126837,-0.132404,-0.004057,-0.005599,0.133403
231,11.550,3.120015,-0.141579,-0.004370,-0.005927,0.143403
232,11.600,3.112719,-0.151405,-0.004701,-0.006279,0.154333
233,11.650,3.104916,-0.161936,-0.005053,-0.006654,0.166248
234,11.700,3.096570,-0.173234,-0.005425,-0.007053,0.179210
235,11.750,3.087640,-0.185364,-0.005821,-0.007479,0.193289
236,11.800,3.078083,-0.198405,-0.006241,-0.007931,0.208566
237,11.850,3.067852,-0.212441,-0.006686,-0.008411,0.225131
238,11.900,3.056895,-0.227572,-0.007159,-0.008920,0.243092
239,11.950,3.045154,-0.243913,-0.007661,-0.009458,0.262568
240,12.000,3.032566,-0.261596,-0.008194,-0.010025,0.283702
241,12.050,3.019060,-0.280776,-0.008759,-0.010621,0.306658
242,12.100,3.004556,-0.301637,-0.009359,-0.011245,0.331630
243,12.150,2.988966,-0.324398,-0.009994,-0.011897,0.358845
244,12.200,2.972189,-0.349319,-0.010667,-0.012570,0.388579
245,12.250,2.954109,-0.376719,-0.011378,-0.013258,0.421156
246,12.300,2.934593,-0.406983,-0.012130,-0.013957,0.456975
247,12.350,2.913485,-0.440586,-0.012922,-0.014651,0.496519
248,12.400,2.890607,-0.478092,-0.013757,-0.015371,0.540362
249,12.450,2.865811,-0.517558,-0.014710,-0.019144,0.586945
250,12.500,2.838797,-0.567145,-0.015830,-0.021819,0.643479
251,12.550,2.808901,-0.633240,-0.017072,-0.023573,0.715908
252,12.600,2.775268,-0.717130,-0.018418,-0.025412,0.805887
253,12.650,2.736957,-0.821077,-0.019864,-0.026912,0.915978
254,12.700,2.692897,-0.947838,-0.021382,-0.027432,1.049255
255,12.750,2.641865,-1.100927,-0.022890,-0.025423,1.209519
256,12.800,2.582444,-1.284454,-0.024213,-0.018700,1.401216
257,12.850,2.513023,-1.502159,-0.025103,-0.006618,1.628574
258,12.900,2.431814,-1.757189,-0.025319,0.009892,1.895320
259,12.950,2.336899,-2.051489,-0.024716,0.027637,2.203977
260,13.000,2.225506,-2.417141,-0.023171,0.048833,2.585480
261,13.050,2.093992,-2.856497,-0.020718,0.064395,3.043291
262,13.100,1.936823,-3.442383,-0.016595,0.114694,3.648959
263,13.150,1.749749,-4.049307,-0.011521,0.097989,4.282973
264,13.200,1.531587,-4.679449,-0.007036,0.083564,4.949384
265,13.250,1.281984,-5.297112,-0.003106,0.064706,5.614422
266,13.300,1.002502,-5.861853,0.000134,0.042423,6.240099
267,13.350,0.696921,-6.327218,0.002555,0.018047,6.783099
268,13.400,0.371387,-6.647883,0.004070,-0.004907,7.201974
269,13.450,0.034126,-6.789211,0.004703,-0.022800,7.466610
270,13.500,-0.305366,-6.737121,0.004585,-0.033371,7.309864
271,13.550,-0.637528,-6.503090,0.003932,-0.036326,6.968634
272,13.600,-0.953989,-6.121056,0.002982,-0.033239,6.500312
273,13.650,-1.248469,-5.637804,0.001936,-0.026892,5.947224
274,13.700,-1.517147,-5.101923,0.000920,-0.019851,5.354329
275,13.750,-1.758501,-4.555270,-0.000012,-0.013775,4.760632
276,13.800,-1.972844,-4.028763,-0.000852,-0.009366,4.194877
277,13.850,-2.161743,-3.541878,-0.001618,-0.006675,3.674922
278,13.900,-2.327473,-3.104171,-0.002337,-0.005423,3.209160
279,13.950,-2.472574,-2.717286,-0.003033,-0.005213,2.798440
280,14.000,-2.599499,-2.376716,-0.003721,-0.005548,2.437763
281,14.050,-2.710364,-2.073798,-0.004398,-0.005812,2.118171
282,14.100,-2.806818,-1.798943,-0.005040,-0.005538,1.829844
283,14.150,-2.890103,-1.545416,-0.005618,-0.004809,1.565763
284,14.200,-2.961226,-1.310810,-0.006118,-0.004037,1.323181
285,14.250,-3.021390,-1.105463,-0.006494,-0.001438,1.111998
286,14.300,-3.072137,-0.932669,-0.006695,0.001613,0.935277
287,14.350,-3.114948,-0.786815,-0.006743,0.003461,0.787303
288,14.400,-3.151065,-0.663811,-0.006693,0.004534,0.663928
289,14.450,-3.181538,-0.560152,-0.006579,0.005143,0.561637
290,14.500,-3.207257,-0.472839,-0.006422,0.005477,0.477451
291,14.550,-3.228971,-0.399321,-0.006236,0.005649,0.408856
292,14.600,-3.247314,-0.337438,-0.006030,0.005721,0.353709
293,14.650,-3.262819,-0.285370,-0.005811,0.005733,0.310159
294,14.700,-3.275939,-0.241583,-0.005582,0.005703,0.276540
295,14.750,-3.287051,-0.204788,-0.005347,0.005645,0.251310
296,14.800,-3.296479,-0.173905,-0.005108,0.005568,0.233002
297,14.850,-3.304494,-0.148029,-0.004868,0.005478,0.220234
298,14.900,-3.311326,-0.126403,-0.004628,0.005379,0.211749
299,14.950,-3.317171,-0.108397,-0.004388,0.005274,0.206458
300,15.000,-3.322197,-0.093484,-0.004151,0.005165,0.203473
301,15.050,-3.326546,-0.081233,-0.003916,0.005054,0.202107
302,15.100,-3.330343,-0.071287,-0.003685,0.004943,0.201857
303,15.150,-3.333694,-0.063357,-0.003457,0.004832,0.202367
304,15.200,-3.336696,-0.057216,-0.003233,0.004723,0.203400
305,15.250,-3.339431,-0.052685,-0.003013,0.004617,0.204808
306,15.300,-3.341978,-0.049635,-0.002798,0.004514,0.206509
307,15.350,-3.344408,-0.047977,-0.002587,0.004416,0.208475
308,15.400,-3.346788,-0.047664,-0.002381,0.004323,0.210716
309,15.450,-3.349186,-0.048687,-0.002179,0.004236,0.213280
310,15.500,-3.351670,-0.051077,-0.001982,0.004155,0.216246
311,15.550,-3.354308,-0.054903,-0.001789,0.004082,0.219732
312,15.600,-3.357175,-0.060276,-0.001601,0.004017,0.223892
313,15.650,-3.360352,-0.067350,-0.001416,0.003960,0.228931
314,15.700,-3.363929,-0.076328,-0.001236,0.003913,0.235109
315,15.750,-3.368007,-0.087467,-0.001060,0.003874,0.242755
316,15.800,-3.372701,-0.101088,-0.000888,0.003849,0.252280
317,15.850,-3.378145,-0.117576,-0.000720,0.003830,0.264190
318,15.900,-3.384494,-0.137402,-0.000556,0.003821,0.279097
319,15.950,-3.391926,-0.161126,-0.000397,0.003817,0.297730
320,16.000,-3.400655,-0.189417,-0.000243,0.003813,0.320946
321,16.050,-3.410925,-0.223069,-0.000096,0.003805,0.349735
322,16.100,-3.423029,-0.263018,0.000044,0.003777,0.385226
323,16.150,-3.437307,-0.310366,0.000173,0.003712,0.428705
324,16.200,-3.454160,-0.366408,0.000287,0.003582,0.481628
325,16.250,-3.474056,-0.432552,0.000375,0.003094,0.545566
326,16.300,-3.497517,-0.509551,0.000353,-0.000316,0.621550
327,16.350,-3.525162,-0.600425,0.000135,-0.004244,0.712498
328,16.400,-3.557737,-0.707473,-0.000312,-0.008857,0.820837
329,16.450,-3.596117,-0.833353,-0.001026,-0.014258,0.949354
330,16.500,-3.641318,-0.981154,-0.002047,-0.020303,1.101274
331,16.550,-3.694523,-1.154487,-0.003392,-0.026330,1.280343
332,16.600,-3.757118,-1.357784,-0.005012,-0.030246,1.491103
333,16.650,-3.830700,-1.595021,-0.006788,-0.031344,1.737812
334,16.700,-3.917045,-1.869407,-0.008599,-0.030441,2.024107
335,16.750,-4.018072,-2.183124,-0.010391,-0.029417,2.352705
336,16.800,-4.135779,-2.537096,-0.012195,-0.030097,2.725127
337,16.850,-4.273391,-2.979106,-0.013116,0.006234,3.186887
338,16.900,-4.434704,-3.483665,-0.013189,0.002805,3.715944
339,16.950,-4.622872,-4.049906,-0.013100,0.009686,4.312330
340,17.000,-4.840290,-4.647428,-0.012438,0.019584,4.948202
341,17.050,-5.087614,-5.236521,-0.011090,0.027072,5.586502
342,17.100,-5.363283,-5.768751,-0.009250,0.025932,6.181841
343,17.150,-5.663271,-6.195843,-0.007305,0.017152,6.689370
344,17.200,-5.981173,-6.473952,-0.005627,0.003552,7.069322
345,17.250,-6.308687,-6.574064,-0.004459,-0.009280,7.275194
346,17.300,-6.636534,-6.487883,-0.003844,-0.017675,7.061675
347,17.350,-6.955614,-6.230527,-0.003684,-0.020197,6.701989
348,17.400,-7.258102,-5.835784,-0.003812,-0.017913,6.225045
349,17.450,-7.538168,-5.346683,-0.004077,-0.012985,5.669788
350,17.500,-7.792163,-4.805062,-0.004370,-0.007408,5.074852
351,17.550,-8.018359,-4.244181,-0.004629,-0.002269,4.471142
352,17.600,-8.216439,-3.686990,-0.004809,0.002206,3.879949
353,17.650,-8.387065,-3.149702,-0.004878,0.005984,3.316253
354,17.700,-8.531617,-2.645501,-0.004820,0.008946,2.792224
355,17.750,-8.652035,-2.184277,-0.004634,0.011191,2.316969
356,17.800,-8.750620,-1.771123,-0.004324,0.013027,1.895140
357,17.850,-8.829801,-1.406546,-0.003891,0.014698,1.527285
358,17.900,-8.891946,-1.087903,-0.003335,0.016309,1.211495
359,17.950,-8.939243,-0.810845,-0.002656,0.017877,0.945273
360,18.000,-8.973643,-0.570330,-0.001860,0.019385,0.727446
361,18.050,-8.996852,-0.361625,-0.000948,0.020960,0.560655
362,18.100,-9.010362,-0.180960,0.000084,0.022878,0.452781
363,18.150,-9.015560,-0.027944,0.001351,0.029158,0.411208
364,18.200,-9.013667,0.103686,0.002953,0.035404,0.425470
365,18.250,-9.005616,0.219275,0.004872,0.041002,0.474850
366,18.300,-8.991614,0.342617,0.006999,0.042891,0.553991
367,18.350,-8.971227,0.475568,0.009240,0.044600,0.658747
368,18.400,-8.943886,0.621831,0.011571,0.045458,0.787485
369,18.450,-8.908827,0.785356,0.013933,0.044673,0.940840
370,18.500,-8.865075,0.970725,0.016202,0.040398,1.121369
371,18.550,-8.811433,1.182300,0.018188,0.031776,1.332428
372,18.600,-8.746486,1.424263,0.019671,0.018611,1.577764
373,18.650,-8.668629,1.700037,0.020461,0.002318,1.860729
374,18.700,-8.576112,2.011786,0.020481,-0.013715,2.183604
375,18.750,-8.467107,2.360285,0.019840,-0.025196,2.547372
376,18.800,-8.339772,2.744912,0.018820,-0.029033,2.951775
377,18.850,-8.188969,3.298110,0.016289,-0.084980,3.523101
378,18.900,-8.009657,3.882249,0.012635,-0.070435,4.132741
379,18.950,-7.800485,4.486840,0.009739,-0.048531,4.772055
380,19.000,-7.561089,5.082667,0.007764,-0.024937,5.413643
381,19.050,-7.292850,5.629439,0.006678,-0.002007,6.019614
382,19.100,-6.999345,6.080805,0.006456,0.021360,6.546710
383,19.150,-6.686406,6.395406,0.007042,0.040667,6.957126
384,19.200,-6.361778,6.540722,0.008240,0.052859,7.222595
385,19.250,-6.034452,6.501548,0.009864,0.059473,7.116347
386,19.300,-5.713588,6.286895,0.011818,0.062249,6.792954
387,19.350,-5.407257,5.929827,0.013941,0.058093,6.348201
388,19.400,-5.121552,5.473715,0.016003,0.049583,5.821041
389,19.450,-4.860287,4.964071,0.017858,0.039407,5.253359
390,19.500,-4.625099,4.440661,0.019443,0.029548,4.682042
391,19.550,-4.415865,3.933438,0.020752,0.021090,4.134801
392,19.600,-4.231225,3.461926,0.021812,0.014405,3.629451
393,19.650,-4.069076,3.036734,0.022663,0.009443,3.175308
394,19.700,-3.926962,2.661841,0.023348,0.005963,2.775389
395,19.750,-3.802355,2.336823,0.023908,0.003684,2.428566
396,19.800,-3.692818,2.058669,0.024378,0.002341,2.131330
397,19.850,-3.596109,1.823057,0.024790,0.001715,1.879026
398,19.900,-3.510214,1.625208,0.025168,0.001629,1.666679
399,19.950,-3.433364,1.460398,0.025534,0.001943,1.489479
400,20.000,-3.364018,1.324242,0.025905,0.002549,1.343044
401,20.050,-3.300841,1.212831,0.026294,0.003358,1.223528
402,20.100,-3.242683,1.122779,0.026713,0.004304,1.127645
403,20.150,-3.188572,1.050415,0.027174,0.005610,1.051831
404,20.200,-3.137690,0.993127,0.027693,0.007083,0.993546
405,20.250,-3.089378,0.947181,0.028318,0.010238,0.949096
406,20.300,-3.043150,0.909415,0.029150,0.015826,0.915329
407,20.350,-2.998576,0.880670,0.030240,0.020876,0.892963
408,20.400,-2.955198,0.861303,0.031566,0.025592,0.882177
409,20.450,-2.912128,0.868303,0.033050,0.027286,0.899133
410,20.500,-2.868082,0.900429,0.034623,0.028989,0.942136
411,20.550,-2.821788,0.958513,0.036279,0.030182,1.011558
412,20.600,-2.771919,1.043980,0.037984,0.030410,1.108567
413,20.650,-2.717044,1.159414,0.039653,0.027785,1.235648
414,20.700,-2.655600,1.307691,0.041116,0.021013,1.395843
415,20.750,-2.585869,1.491937,0.042154,0.009258,1.592660
416,20.800,-2.505985,1.715069,0.042531,-0.007137,1.829568
417,20.850,-2.413950,1.979145,0.042078,-0.025728,2.109245
418,20.900,-2.307692,2.284983,0.040789,-0.042148,2.433101
419,20.950,-2.185119,2.632210,0.038867,-0.051995,2.801355
420,21.000,-2.041105,3.142705,0.035147,-0.115030,3.331987
421,21.050,-1.870581,3.690846,0.030171,-0.100454,3.904973
422,21.100,-1.671466,4.282255,0.025909,-0.082063,4.528398
423,21.150,-1.442363,4.883296,0.022555,-0.056839,5.170852
424,21.200,-1.183335,5.468895,0.020049,-0.037619,5.809079
425,21.250,-0.896540,5.981139,0.018349,-0.011716,6.388643
426,21.300,-0.586701,6.377281,0.017554,0.011830,6.870053
427,21.350,-0.260711,6.616146,0.017557,0.031163,7.216242
428,21.400,0.072776,6.671306,0.018232,0.045037,7.343454
429,21.450,0.404313,6.539114,0.019464,0.053506,7.089143
430,21.500,0.724953,6.242715,0.021050,0.053594,6.694397
431,21.550,1.027377,5.821768,0.022717,0.047351,6.194001
432,21.600,1.306502,5.323411,0.024261,0.037654,5.631009
433,21.650,1.559605,4.792450,0.025564,0.027036,5.046944
434,21.700,1.786014,4.264994,0.026583,0.017168,4.475351
435,21.750,1.986602,3.766184,0.027320,0.008858,3.939413
436,21.800,2.163233,3.310886,0.027806,0.002330,3.452525
437,21.850,2.318301,2.905837,0.028081,-0.002487,3.020347
438,21.900,2.454376,2.552099,0.028193,-0.005769,2.643161
439,21.950,2.573986,2.247185,0.028187,-0.007710,2.317946
440,22.000,2.679475,1.986706,0.028110,-0.008525,2.039955
441,22.050,2.772942,1.765503,0.028003,-0.008462,1.803818
442,22.100,2.856224,1.578368,0.027897,-0.007794,1.604219
443,22.150,2.930905,1.420481,0.027814,-0.006784,1.436307
444,22.200,2.998339,1.287618,0.027765,-0.005640,1.295872
445,22.250,3.059688,1.176230,0.027755,-0.004495,1.179414
446,22.300,3.115951,1.083448,0.027783,-0.003413,1.084113
447,22.350,3.168000,1.007018,0.027848,-0.002413,1.007751
448,22.400,3.216608,0.945222,0.027949,-0.001487,0.948607
449,22.450,3.262428,0.895078,0.028134,0.001438,0.903637
450,22.500,3.306218,0.863606,0.028430,0.003301,0.879623
451,22.550,3.349080,0.857796,0.028781,0.003800,0.883010
452,22.600,3.392264,0.876507,0.029171,0.004842,0.912127
453,22.650,3.437000,0.920073,0.029630,0.006296,0.966808
454,22.700,3.484553,0.989517,0.030176,0.007882,1.047730
455,22.750,3.536253,1.086555,0.030807,0.009084,1.156456
456,22.800,3.593545,1.213915,0.031469,0.008259,1.295728
457,22.850,3.658025,1.374979,0.032015,0.003353,1.469118
458,22.900,3.731455,1.572968,0.032231,-0.006347,1.680251
459,22.950,3.815751,1.810737,0.031895,-0.020225,1.932533
460,23.000,3.912950,2.090136,0.030865,-0.035578,2.228425
461,23.050,4.025157,2.411725,0.029160,-0.048262,2.569101
462,23.100,4.155154,2.801934,0.026866,-0.059653,2.980340
463,23.150,4.309161,3.371542,0.022935,-0.113588,3.569866
464,23.200,4.492560,3.974728,0.017929,-0.099134,4.199253
465,23.250,4.707002,4.607581,0.013559,-0.081595,4.866945
466,23.300,4.953158,5.234130,0.009932,-0.059395,5.539090
467,23.350,5.229776,5.813761,0.007098,-0.037044,6.177519
468,23.400,5.533325,6.297471,0.005090,-0.012400,6.736372
469,23.450,5.857843,6.639657,0.003959,0.010330,7.173784
470,23.500,6.195247,6.804423,0.003625,0.027124,7.458266
471,23.550,6.536069,6.774617,0.003940,0.037386,7.364882
472,23.600,6.870632,6.559587,0.004726,0.040395,7.039425
473,23.650,7.190366,6.192541,0.005728,0.035732,6.583424
474,23.700,7.488755,5.719272,0.006696,0.026557,6.038130
475,23.750,7.761690,5.187640,0.007485,0.016293,5.447733
476,23.800,8.007337,4.638694,0.008060,0.007531,4.850438
477,23.850,8.225653,4.102325,0.008459,0.001473,4.273997
478,23.900,8.417799,3.596902,0.008747,-0.002040,3.735209
479,23.950,8.585606,3.131316,0.008967,-0.003981,3.241828
480,24.000,8.731176,2.708144,0.009130,-0.005346,2.795575
481,24.050,8.856646,2.326894,0.009222,-0.006612,2.395274
482,24.100,8.964096,1.986182,0.009230,-0.007734,2.038944
483,24.150,9.055521,1.684347,0.009156,-0.008522,1.724394
484,24.200,9.132813,1.419244,0.009014,-0.008915,1.449020
485,24.250,9.197740,1.188086,0.008822,-0.008992,1.209650
486,24.300,9.251913,0.987585,0.008593,-0.008879,1.002676
487,24.350,9.296776,0.814231,0.008338,-0.008685,0.824319
488,24.400,9.333594,0.664545,0.008063,-0.008489,0.670874
489,24.450,9.363466,0.535250,0.007768,-0.008334,0.538871
490,24.500,9.387332,0.423364,0.007456,-0.008245,0.425163
491,24.550,9.405993,0.326232,0.007125,-0.008231,0.326954
492,24.600,9.420128,0.241523,0.006775,-0.008295,0.241805
493,24.650,9.430302,0.167210,0.006404,-0.008437,0.167637
494,24.700,9.436992,0.101543,0.006010,-0.008652,0.102817
495,24.750,9.440589,0.043012,0.005590,-0.008938,0.047023
496,24.800,9.441417,-0.009687,0.005144,-0.009289,0.021987
497,24.850,9.439738,-0.057674,0.004668,-0.009704,0.060548
498,24.900,9.435762,-0.101922,0.004161,-0.010177,0.103100
499,24.950,9.429655,-0.143276,0.003620,-0.010705,0.143803
500,25.000,9.421542,-0.182477,0.003044,-0.011285,0.182879
501,25.050,9.411514,-0.220183,0.002430,-0.011913,0.220917
502,25.100,9.399631,-0.256988,0.001777,-0.012585,0.258528
503,25.150,9.385924,-0.293436,0.001081,-0.013295,0.296298
504,25.200,9.370398,-0.330044,0.000343,-0.014038,0.334789
505,25.250,9.353032,-0.367315,-0.000440,-0.014804,0.374549
506,25.300,9.333781,-0.405756,-0.001270,-0.015584,0.416128
507,25.350,9.312573,-0.445901,-0.002145,-0.016364,0.460098
508,25.400,9.289309,-0.488334,-0.003067,-0.017124,0.507075
509,25.450,9.263857,-0.533719,-0.004035,-0.017840,0.557751
510,25.500,9.236090,-0.581318,-0.005083,-0.020028,0.611523
511,25.550,9.205915,-0.630373,-0.006315,-0.024888,0.667780
512,25.600,9.173204,-0.683085,-0.007795,-0.029689,0.728586
513,25.650,9.137739,-0.740925,-0.009518,-0.034236,0.795377
514,25.700,9.099206,-0.806204,-0.011457,-0.038022,0.870367
515,25.750,9.057015,-0.887728,-0.013540,-0.039446,0.961795
516,25.800,9.010115,-0.995207,-0.015636,-0.037822,1.078914
517,25.850,8.957157,-1.130899,-0.017606,-0.033457,1.224350
518,25.900,8.896644,-1.298362,-0.019274,-0.024508,1.402013
519,25.950,8.826909,-1.500933,-0.020404,-0.010518,1.615790
520,26.000,8.746123,-1.741524,-0.020772,0.007524,1.869215
521,26.050,8.652240,-2.025928,-0.020232,0.027301,2.168491
522,26.100,8.542389,-2.381097,-0.018675,0.049359,2.539886
523,26.150,8.413007,-2.807423,-0.016202,0.064381,2.984914
524,26.200,8.258602,-3.381179,-0.012045,0.115772,3.578531
525,26.250,8.074847,-3.978311,-0.006985,0.096226,4.202211
526,26.300,7.860356,-4.604642,-0.002657,0.079333,4.863789
527,26.350,7.614433,-5.226261,0.001017,0.059529,5.531248
528,26.400,7.338229,-5.803524,0.003968,0.037333,6.167332
529,26.450,7.035090,-6.289856,0.006106,0.013299,6.728530
530,26.500,6.710764,-6.638458,0.007358,-0.009480,7.171829
531,26.550,6.373198,-6.811498,0.007742,-0.027520,7.463877
532,26.600,6.031803,-6.790552,0.007382,-0.038426,7.380138
533,26.650,5.696278,-6.582847,0.006485,-0.041646,7.061308
534,26.700,5.375320,-6.219465,0.005292,-0.038566,6.608540
535,26.750,5.075622,-5.746339,0.004009,-0.031949,6.063161
536,26.800,4.801420,-5.212982,0.002767,-0.024474,5.470907
537,26.850,4.554568,-4.663216,0.001625,-0.017936,4.872618
538,26.900,4.334978,-4.130263,0.000589,-0.013132,4.299234
539,26.950,4.141190,-3.635868,-0.000363,-0.010143,3.770786
540,27.000,3.970921,-3.191911,-0.001259,-0.008690,3.297902
541,27.050,3.821493,-2.802957,-0.002126,-0.008382,2.884252
542,27.100,3.690139,-2.468732,-0.002990,-0.008856,2.528958
543,27.150,3.574184,-2.186120,-0.003868,-0.009820,2.228535
544,27.200,3.471156,-1.950586,-0.004773,-0.011056,1.978267
545,27.250,3.378823,-1.757123,-0.005713,-0.012406,1.773118
546,27.300,3.295216,-1.600501,-0.006698,-0.013925,1.607931
547,27.350,3.218670,-1.473674,-0.007812,-0.018587,1.475826
548,27.400,3.147772,-1.373706,-0.009144,-0.023566,1.373952
549,27.450,3.081244,-1.298129,-0.010695,-0.028165,1.299880
550,27.500,3.017932,-1.244472,-0.012458,-0.032650,1.251089
551,27.550,2.956652,-1.216446,-0.014393,-0.035527,1.231021
552,27.600,2.895850,-1.225189,-0.016395,-0.035401,1.250200
553,27.650,2.833723,-1.269568,-0.018375,-0.034497,1.306949
554,27.700,2.768468,-1.350635,-0.020275,-0.031660,1.401731
555,27.750,2.698204,-1.470550,-0.021953,-0.024823,1.536297
556,27.800,2.620935,-1.631655,-0.023193,-0.013014,1.712919
557,27.850,2.534548,-1.836227,-0.023758,0.003523,1.934118
558,27.900,2.436830,-2.085794,-0.023471,0.022399,2.201881
559,27.950,2.325170,-2.394716,-0.022244,0.042261,2.530512
560,28.000,2.196049,-2.784595,-0.020071,0.060940,2.941452
561,28.050,2.043396,-3.335555,-0.015961,0.119419,3.513755
562,28.100,1.862360,-3.917340,-0.010711,0.103010,4.122222
563,28.150,1.651138,-4.537694,-0.006112,0.086916,4.776999
564,28.200,1.408522,-5.164330,-0.002130,0.068374,5.447799
565,28.250,1.135101,-5.757881,0.001167,0.046500,6.097653
566,28.300,0.833639,-6.271839,0.003657,0.021814,6.683045
567,28.350,0.509349,-6.657500,0.005236,-0.002694,7.158984
568,28.400,0.169792,-6.872837,0.005887,-0.023204,7.487861
569,28.450,-0.175737,-6.893495,0.005713,-0.036768,7.504529
570,28.500,-0.517347,-6.720775,0.004913,-0.042209,7.215074
571,28.550,-0.845891,-6.381690,0.003744,-0.040502,6.782173
572,28.600,-1.154089,-5.920911,0.002436,-0.034354,6.245682
573,28.650,-1.437126,-5.389175,0.001150,-0.026665,5.652356
574,28.700,-1.692669,-4.832926,-0.000038,-0.019544,5.045487
575,28.750,-1.920476,-4.288237,-0.001107,-0.014047,4.458733
576,28.800,-2.121801,-3.779099,-0.002075,-0.010411,3.914291
577,28.850,-2.298812,-3.318525,-0.002969,-0.008425,3.423881
578,28.900,-2.454088,-2.910670,-0.003820,-0.007712,2.990775
579,28.950,-2.590226,-2.552867,-0.004650,-0.007826,2.611746
580,29.000,-2.709559,-2.237525,-0.005470,-0.008213,2.278874
581,29.050,-2.813974,-1.954794,-0.006268,-0.008307,1.982086
582,29.100,-2.904896,-1.696261,-0.007022,-0.007938,1.712729
583,29.150,-2.983578,-1.463559,-0.007682,-0.006189,1.472097
584,29.200,-3.051767,-1.275008,-0.008126,-0.000729,1.278194
585,29.250,-3.111478,-1.123199,-0.008313,0.002967,1.123637
586,29.300,-3.164438,-1.003891,-0.008326,0.005230,1.004199
587,29.350,-3.212183,-0.913754,-0.008229,0.006565,0.916537
588,29.400,-3.256101,-0.850194,-0.008065,0.007321,0.857940
589,29.450,-3.297469,-0.811315,-0.007862,0.007703,0.826226
590,29.500,-3.337485,-0.795881,-0.007641,0.007823,0.819707
591,29.550,-3.377277,-0.802254,-0.007481,0.005125,0.836206
592,29.600,-3.417953,-0.831281,-0.007475,0.001718,0.876049
593,29.650,-3.460657,-0.883590,-0.007660,-0.002349,0.939467
594,29.700,-3.506577,-0.960299,-0.008077,-0.007252,1.027377
595,29.750,-3.556972,-1.063167,-0.008772,-0.012944,1.141538
596,29.800,-3.613210,-1.194636,-0.009776,-0.018987,1.284537
597,29.850,-3.676799,-1.358057,-0.011073,-0.023795,1.459949
598,29.900,-3.749427,-1.557144,-0.012564,-0.025716,1.671819
599,29.950,-3.832954,-1.795039,-0.014111,-0.024852,1.923789
600,30.000,-3.929382,-2.074123,-0.015613,-0.022667,2.218864
